Url of Pages Being Spidered,Level Away from Home,Status,Internal Pages that link here,Link text,Internal links on that page,External links on page,Size of page,Title Tag of Page,Meta Description,Meta Keywords
http://www.theyoungfirm.com/,0,200,3,start,46,8,26587,"New Orleans, Louisiana Personal Injury / Maritime Lawyers — Gulf Coast Trial Attorneys – The Young Firm","At The Young Firm in New Orleans, Louisiana, our personal injury and maritime lawyers help Gulf Coast-area victims obtain the compensation to which they are entitled. For over 40 years we have successfully represented those injured as a result of another\'s negligent conduct.","louisiana, new orleans, maritime, personal injury, lawyers, gulf coast, attorneys, the young firm, admiralty, verdicts, settlements, damages, florida, alabama, texas, mississippi, seamen, longshoreman, harbor workers, oil rig, shipyard, traumatic brain, spinal cord, burn, injury, workers compensation, workplace accidents, defective products, premises liability, wrongful death"
http://www.theyoungfirm.com/index.html,1,200,51,"The Young Firm - Attorneys at Law | New Orleans, Louisiana",46,8,26587,"New Orleans, Louisiana Personal Injury / Maritime Lawyers — Gulf Coast Trial Attorneys – The Young Firm","At The Young Firm in New Orleans, Louisiana, our personal injury and maritime lawyers help Gulf Coast-area victims obtain the compensation to which they are entitled. For over 40 years we have successfully represented those injured as a result of another\'s negligent conduct.","louisiana, new orleans, maritime, personal injury, lawyers, gulf coast, attorneys, the young firm, admiralty, verdicts, settlements, damages, florida, alabama, texas, mississippi, seamen, longshoreman, harbor workers, oil rig, shipyard, traumatic brain, spinal cord, burn, injury, workers compensation, workplace accidents, defective products, premises liability, wrongful death"
http://www.theyoungfirm.com/html/firm.html,1,200,51,About the Firm,81,8,28779,"New Orleans, Louisiana Personal Injury, Maritime, and Admiralty Attorneys","Our New Orleans, Louisiana personal injury, maritime, and admiralty attorneys represent catastrophically injured clients throughout the Gulf Coast and Mississippi River regions. For more than 40 years, The Young Firm has helped countless victims obtain just compensation for their injuries.","new orleans, louisiana, personal injury, maritime, admiralty, attorneys, the young firm, robert j young jr, timothy j young, robin r klibert, jones act, cruise ship, platform, oil rig, shore excursions, offshore, nearshore, diving, death on the high seas, longshore, harbor workers, catastrophic personal injuries, traumatic brain injury, spinal cord injury, burn, workplace accidents, premises liability, product liability, workers compensation, wrongful death, medical malpractice, birth, misdiagnosis, surgical errors, auto, truck, motorcycle, pedestrian, bicycle, railroad"
http://www.theyoungfirm.com/html/lawyers.html,1,200,51,Our Lawyers,82,8,27735,"New Orleans, Louisiana Admiralty and Maritime Lawyer - Attorneys Serving the Gulf Coast","An experienced New Orleans, Louisiana admiralty and maritime lawyer can help you maximize the return on your claim. Meet our attorneys: Timothy J. Young, and Robin Richmond Klibert. We also handle claims involving personal injury, auto accidents, and maritime medical claims.","new orleans, louisiana, admiralty, maritime, lawyer, attorneys, robert j young jr, timothy j young, robin richmond klibert, the young firm, gulf coast, jones act, claim, lawsuit"
http://www.theyoungfirm.com/html/staff.html,1,200,51,Our Staff,81,8,22612,"The Young Firm: Paralegals, Investigators and Office Staff","At The Young Firm, our experienced team of legal assistants, case investigators and office staff are a vital part of our law firm. Our office staff helps with helping client coordinate appointments, interviewing witnesses, and preparing maritime and injury cases for our lawyers to take to trial.","the young firm, paralegals, investigators, office staff, experience, maritime, louisiana, gulf coast, injury claims, boating accident, admirality lawyer"
http://www.theyoungfirm.com/html/results.html,1,200,51,Verdicts and Settlements,81,8,38624,Personal Injury and Maritime Lawyers in Louisiana – Verdicts and Settlements,The personal injury and maritime lawyers at The Young Firm\'s Louisiana office have obtained millions of dollars in verdicts and settlements on behalf of clients statewide and throughout the Gulf Coast area. We are proud to share a sampling of these successes with our prospective clients.,"personal injury, maritime, lawyers, louisiana, verdicts, settlements, new orleans, premises liability, wrongful death, widow, cruise line, offshore injury, jones act, gulf coast"
http://www.theyoungfirm.com/html/stories.html,1,200,51,Client Success Stories,82,8,25905,"Personal Injury and Maritime Attorney – New Orleans and Baton Rouge, Louisiana","A maritime and personal injury attorney at our New Orleans and Baton Rouge, Louisiana-area firm can help you obtain a settlement or verdict to cover your medical expenses, lost wages, and other losses incurred as a result of another\'s negligent or careless behavior.","personal injury, maritime, attorney, new orleans, baton rouge, louisiana, medical expenses, lost wages, the young firm, lawyer"
http://www.theyoungfirm.com/html/publications.html,1,200,51,Publications,86,8,23793,"The Young Firm - Serving New Orleans, Louisiana - Publications",We invite you to review our publications if you are seeking more information on filing a personal injury claim for an offshore or maritime injury.,"young firm, personal injury, maritime, admiralty, lawyers, new orleans, lousiana, publications"
http://www.theyoungfirm.com/html/maritime.html,1,200,51,Maritime Claims,81,8,24670,"Maritime, Admiralty, and Boating Accident Attorneys – Louisiana, Gulf Coast","At The Young Firm, our maritime, admiralty, and boating accident attorneys serve clients throughout Louisiana and the Gulf Coast. We have been representing injured seamen and maritime workers for more than 40 years. Our maritime attorneys handle claims on behalf of injured longshoreman, harbor workers, oil rig workers, and shipyard workers.","maritime, admiralty, boating accident, attorneys, louisiana, gulf coast, young firm, seamen, workers, longshoreman, harbor, oil rig, shipyard, verdicts, settlements, admiralty, jones act, death on the high seas, longshore, cruise ship, seaman, offshore injury, oil rig, shore excursions, diving accidents, nearshore"
http://www.theyoungfirm.com/html/admiralty.html,1,200,51,Admiralty Claims,81,8,25757,Louisiana and Gulf Coast Admiralty and Boating Accident Lawyer,Each Louisiana and Gulf Coast admiralty and boating accident lawyer at The Young Firm handles claims involving maritime offenses. We help our clients navigate this complicated area of law and obtain compensation for their injuries.,"louisiana, gulf coast, admiralty, boating accident, lawyer, the young firm, jones act, longshore and harbor workers act, maritime law, injured seamen, oil rig, cruise ships, workers compensation, compensation, medical bills, rehabilitation costs"
http://www.theyoungfirm.com/html/jones-act.html,1,200,51,Jones Act,81,8,25690,"Jones Act Lawyer in New Orleans, Louisiana – The Jones Act – The Young Firm","A Jones Act lawyer at our New Orleans, Louisiana firm will protect your rights. Having already handled many successful Jones Act claims, The Young Firm offers its clients peace of mind. Rest assured; your case is in qualified, expert hands.","jones act lawyer, new orleans, louisiana, claims, the young firm, attorneys, claims, lawsuits, catastrophic, personal injury, wrongful death, maritime, admiralty, verdicts, settlements, injured seaman, work related injury, offshore oil rigs, divers, longshore and harbor workers act, workers compensation"
http://www.theyoungfirm.com/html/jones-act-claims.html,1,200,51,Jones Act Claims,81,8,25336,"Jones Act Lawyer in New Orleans, Louisiana – Jones Act Claims – The Young Firm","Each Jones Act lawyer at the New Orleans, Louisiana office of The Young Firm can help you obtain hold negligent employers responsible for your suffering. A successfully Jones Act claim compensated victims for medical bills, rehabilitation expenses, lost wages, diminished earning capacity, and pain and suffering.","jones act lawyer, new orleans, louisiana, claims, the young firm, injured seamen, work related injury, catastrophic, personal injury, wrongful death, maritime, admiralty, attorneys, verdicts, settlements, eligibility, benefits, compensation, medical bills, rehabilitation expenses, lost wages, diminished earning capacity."
http://www.theyoungfirm.com/html/cruise-ship.html,1,200,51,Cruise Ship Accidents &amp; Claims,82,8,26657,"Cruise Ship Lawyer – New Orleans, Louisiana – Boating Accident / Injury Attorney","At The Young Firm, each cruise ship lawyer at our New Orleans, Louisiana law firm can help injury victims obtain the compensation to which they are entitled. Cruise line accident litigation is a complicated area of law that requires knowledgeable and experienced representation.","cruise ship lawyer, new orleans, louisiana, boating, accident, injury, attorney, the young firm, personal injury, maritime, admiralty, boating accident, verdicts, settlements, fine print, slip and fall accidents, medical negligence, claim, lawsuit"
http://www.theyoungfirm.com/html/seamen.html,1,200,51,Seaman's Claims,81,8,25465,"Seaman, Admiralty, and Maritime Injury Lawyer – New Orleans, Louisiana","If you are an injured seaman, a maritime and admiralty lawyer at our New Orleans, Louisiana office will help you pursue fair compensation under the Jones Act. We have recovered millions of dollars in verdicts and settlements on behalf of past clients throughout the Gulf Coast region.","seaman, admiralty, maritime, lawyer, new orleans, louisiana, the jones act, the young firm, accident, illness, workers compensation, workplace injuries, personal injury, wrongful death, attorneys, gulf coast, verdicts, settlements, claims, unseaworthiness, gulf coast"
http://www.theyoungfirm.com/html/oil-rig.html,1,200,51,Platform/Oil Rig Injuries,81,8,25207,Louisiana / Gulf Coast Maritime Attorneys – Oil Rig and Platform Injuries,"Serving oil rig and platform injury victims throughout Louisiana and the Gulf Coast, our maritime attorneys can help you get compensation under the Outer Continental Shelf Act. We can help you recover damages for medical bills, rehabilitation costs, lost wages, and pain and suffering.","louisiana, gulf coast, maritime attorneys, oil rig, platform, injury, injuries, outer continental shelf act, medical bills, rehabilitation costs, lost wages, pain, suffering, the young firm, death on the high seas act"
http://www.theyoungfirm.com/html/offshore-injury.html,1,200,51,Offshore/Nearshore Accidents,81,8,25842,"Maritime / Admiralty / Boating Accident Attorneys – Louisiana, Gulf Coast – Offshore Accidents","Maritime, admiralty, and boating accident attorneys provide Louisiana and Gulf Coast offshore injury victims dedicated representation. The Outer Continental Shelf Act protects offshore workers by providing benefits to employees injured due to an unsafe working environment.","maritime, admiralty, boating accident, attorneys, louisiana, gulf coast, offshore injury, accident, the young firm, lawyers, outer continental shelf act, jones act, workers compensation, personal injury, wrongful death, benefits, compensation, oil rig, longshoreman, harbor workers"
http://www.theyoungfirm.com/html/diving-accidents.html,1,200,51,Diving Accidents,82,8,26944,"Boating / Diving Accident Lawyer – New Orleans, Louisiana – The Young Firm","A boating and diving accident lawyer at our New Orleans, Louisiana firm can help you obtain the maximum compensation to which you are entitled. Having successfully handled many recreational and commercial diving accident lawsuits, we are uniquely qualified to handle claims in this complex area of law.","boating, diving, accident lawyer, new orleans, louisiana, the young firm, personal injury, maritime, admiralty, recreational, commercial, divers, wrongful death, verdicts, settlements, gulf coast, attorneys, product liability, occupational, jones act, longshore and harbor workers act"
http://www.theyoungfirm.com/html/dosha.html,1,200,51,Death on the High Seas Act,81,8,24731,Death on the High Seas Act – Louisiana Maritime Lawyers – The Young Firm,"If you have a Death on the High Seas Act claim, our Louisiana maritime lawyers can help you obtain the compensation to which you are entitled. The Death on the High Seas Act protects families and dependents of seamen who die as a result of negligence.","death on the high seas act, louisiana, maritime lawyers, the young firm, admiralty, boating accident, verdicts, settlements, wrongful death, unseaworthiness, offshore drilling injuries, aviation accidents, jones act, outer continental shelf act, attorney"
http://www.theyoungfirm.com/html/longshore.html,1,200,51,Longshore &amp; Harbor Workers' Act,81,8,26301,"Longshore and Harbor Workers\' Act – Injury Lawyer – New Orleans, Louisiana","A harbor worker injury lawyer, with experience in Longshore and Harbor Workers\' Act cases at our New Orleans, Louisiana firm, will protect your rights if you have suffered a work-related injury.","longshore and harbor workers act, harbor worker injury lawyer, new orleans, louisiana, jones act, injured seamen, workers compensation, the young firm, maritime, admiralty, boating accident, personal injury, wrongful death, longshoreman, eligibility, slip and fall accidents, traumatic brain injury, spinal cord, burn"
http://www.theyoungfirm.com/html/recreational-boating.html,1,200,51,Passenger &amp; Recreational Boating,81,9,28132,"Boating / Jet Ski Accident Lawyers in New Orleans, Louisiana – Recreational Boating","Our boating and jet ski accident lawyers – serving New Orleans and Louisiana victims statewide – are experienced in litigating personal injury and maritime cases. We have the ability and resources to investigate the circumstances surrounding the accident, pursue a claim against the negligent party, and maximize your financial recovery.","boating, jet ski, accident lawyers, new orleans, louisiana, the young firm, attorneys, cruise ship, personal injury, lawsuit, maritime, admiralty, verdicts, settlements, gulf coast, recreational, regulations, fatalities, auto accidents, sinking, grounding, capsizing, flooding, slip and fall accident, diving, claim, baton rouge, head, brain, spinal cord, burn, drowning, lake charles, monroe, lafayette"
http://www.theyoungfirm.com/html/boating-faq.html,1,200,51,Frequently Asked Questions,81,8,26079,"Louisiana Maritime, Admiralty, Boating Accident Lawyer – Frequently Asked Questions","Each Louisiana maritime, admiralty, and boating accident lawyer at The Young Firm can help you through the complex process of seeking compensation for your losses. Here are the answers to some frequently asked questions about maritime and boating accident litigation. A lawyer at our New Orleans, Louisiana office can help.","louisiana, maritime, admiralty, boating accident, lawyer, frequently asked questions, the young firm, new orleans, seamen, jones act, longshore and harbor workers act, death on the high seas act, personal injury, wrongful death, verdicts, settlements, oil rig, drivers, offshore workers, damages, compensation"
http://www.theyoungfirm.com/html/choice.html,1,200,51,Choice of Doctor,81,8,23914,"New Orleans, Baton Rouge, Louisiana - Maritime Accident Attorneys / Lawyers","The Louisiana maritime accident attorneys at The Young Firm (serving New Orleans, Baton Rouge, and beyond) encourage you to enlist the opinion of a physician of your choice after an offshore injury.","maritime accident attorneys, lawyers, louisiana, baton rouge, new orleans, choice of doctor, treating physician, offshore pre employment physical, company doctor, the young firm"
http://www.theyoungfirm.com/html/treatment.html,1,200,51,Right to Medical Treatment,81,8,23347,"New Orleans, Baton Rouge, Louisiana - Maritime Injury Lawyers / Attorneys","Our Louisiana maritime injury attorneys (serving New Orleans, Baton Rouge, and beyond) strongly advise you to seek immediate medical attention if you\'ve been injured while working offshore.","maritime injury lawyers, attorneys, louisiana, new orleans, baton rouge, right to medical treatment, medical treatment for offshore injuries, gulf coast, the young firm"
http://www.theyoungfirm.com/html/maintenance.html,1,200,51,Maintenance and Cure,81,8,24667,"New Orleans, Baton Rouge, Louisiana - Maintenance and Cure Benefits, Lawyers / Attorneys","Discuss your maintenance and cure benefits with the attorneys at The Young Firm (serving New Orleans, Baton Rouge, and other Louisiana areas).","maintenance and cure benefits, attorneys, lawyers, new orleans, baton rouge, louisiana, daily maintenance, rate of maintenance, maximum cure, gulf coast, the young firm"
http://www.theyoungfirm.com/html/improper.html,1,200,51,Improper Medical Treatment,82,8,23388,"New Orleans, Baton Rouge, Louisiana - Injury at Sea, Improper Medical Treatment","If you have suffered an injury at sea, the Louisiana attorneys at The Young Firm (serving New Orleans, Baton Rouge, and beyond) will vigorously protect your rights to proper medical treatment.","injury at sea, improper medical treatment, attorneys, lawyers, the young firm, baton rouge, new orleans, louisiana"
http://www.theyoungfirm.com/html/right.html,1,200,51,Right to Medical Expenses,81,8,23564,"Baton Rouge, New Orleans, Louisiana: Maritime Medical Expenses Attorneys / Lawyers","If you\'ve been injured in a maritime accident, your medical expenses should be covered by your employer. The attorneys of The Young Firm (serving New Orleans and Baton Rouge, Louisiana) can advise you of your rights to financial compensation.","maritime medical expenses attorneys, lawyers, baton rouge, new orleans, louisiana"
http://www.theyoungfirm.com/blog/,1,200,51,Maritime Blog,83,12,57753,www.theyoungfirm.com,"The Young Law Firm, our attorneys are dedicated to representing clients in and around New Orleans in personal injury and maritime cases. Read about the latest developments in these areas of law on our firm\'s legal blog.","Young law firm, personal injury, maritime, blog"
http://www.theyoungfirm.com/html/auto.html,1,200,51,Auto Accidents,81,8,25547,"New Orleans, Louisiana Auto Accident Attorney – Car Accident Lawyer","A New Orleans, Louisiana auto accident attorney at our firm can help you obtain the compensation to which you are entitled. Serving Louisiana clients statewide, an auto accident lawyer at The Young Firm can help you hold the negligent, reckless, or careless parties responsible for your suffering accountable for their actions.","new orleans, louisiana, auto accident, attorney, lawyer, car accident, the young firm, verdicts, settlements, motor vehicle, investigation, reconstruction, crashworthiness, defects, motorcycle, truck, pedestrian, bicycle, uninsured, underinsured, motorists, drunk driving, tire tread separation, blowouts, seatbelt defects, air bag failure, roof crush, defective fuel systems"
http://www.theyoungfirm.com/html/truck.html,1,200,51,Truck Accidents,81,8,25913,"Semi-Truck Accident Lawyers in New Orleans, Louisiana – The Young Firm","The semi-truck accident lawyers in New Orleans, Louisiana office help trucking accident victims statewide. We can identify the parties liable for your injuries and aggressively pursue a claim on your behalf to recoup compensation for medical bills, lost wages, and pain and suffering.","semi, truck accident lawyers, new orleans, louisiana, the young firm, verdicts, settlements, medical bills, lost wages, pain and suffering, catastrophic, personal injury, wrongful death, attorney, traumatic brain, spinal cord injury, burn injury, broken bones"
http://www.theyoungfirm.com/html/motorcycle.html,1,200,51,Motorcycle Accidents,81,8,25840,"Motorcycle Accident Attorneys in New Orleans, Louisiana – The Young Firm","The motorcycle accident attorneys at our New Orleans, Louisiana law firm provide collision victims statewide with representation to recoup damages and compensation from the negligent parties liable for their injuries. The Young Firm works closely with medical experts and accident reconstructionists to strengthen our clients\' cases.","motorcycle accident attorneys, new orleans, louisiana, the young firm, reconstructionists, catastrophic, personal injury, wrongful death, traumatic brain injury, spinal cord injury, lawsuits, road rash, defective products, medical bills, rehabilitation costs, pain, suffering"
http://www.theyoungfirm.com/html/pedestrian.html,1,200,51,Pedestrian/Bicycle Accidents,81,8,25519,Louisiana Pedestrian Accident Attorney – New Orleans Auto Accident Lawyers,"Our Louisiana pedestrian accident attorney can help you understand the true value of your case. While insurance companies routinely offer victims small settlements, our lawyers will fight for fair compensation. If someone\'s negligent driving caused serious injury to you or a loved one, contact The Young Firm.","louisiana, pedestrian accident, attorney, new orleans, auto accident, lawyers, the young firm, verdicts, settlements, motor vehicle, auto, catastrophic, personal injury, traumatic brain injury, spinal cord injury, wrongful death, lawsuits, damages"
http://www.theyoungfirm.com/html/railroad.html,1,200,51,Railroad Accident,81,8,25223,"Railroad Accident Lawyer in New Orleans, Louisiana – The Young Firm","Each railroad accident lawyer at our New Orleans, Louisiana practice has helped victims obtain compensation for the injuries that they have suffered. You should not have to bear the costs of a railroad accident caused by the negligence of another person or company.","railroad accident, lawyer, new orleans, attorneys, louisiana, the young firm, negligence, verdicts, settlements, personal injury, wrongful death, train accidents, investigation"
http://www.theyoungfirm.com/html/auto-faq.html,1,200,51,Frequently Asked Questions,81,8,25957,"Louisiana Auto, Semi-Truck, and Motorcycle Accident Lawyer – FAQs","Each Louisiana auto, semi-truck, and motorcycle accident lawyer at The Young Firm has the knowledge and experience necessary to help you through the complex process of seeking compensation for your losses.","louisiana, auto, semi truck, motorcycle, accident, lawyer, attorneys, frequently asked questions, faqs, the young firm, uninsured, compensation, pedestrian, verdicts, settlements, medical bills, rehabilitation costs, pain and suffering"
http://www.theyoungfirm.com/html/contact.html,1,200,51,Contact,81,9,24181,"Contact a New Orleans Personal Injury, Maritime, and Admiralty Lawyer","Each New Orleans, Louisiana personal injury, maritime, and admiralty lawyer at The Young Firm can help you recover compensation for your injuries. For over 40 years we have helped those injured as a result of another\'s negligent conduct. Contact our practice today to schedule a free consultation.","new orleans, personal injury, maritime, admiralty, lawyer, louisiana, the young firm, verdicts, settlements, law, brain injury, spinal cord, burn, medical malpractice, auto accidents, workplace accidents, product liability, slip and fall, wrongful death"
http://www.theyoungfirm.com/html/maritimeexclusiveseal.html,1,200,2,,81,9,22832,Maritime-Exclusive Seal,"Thanks for contacting The Young Firm. Our personal injury, maritime, and admiralty attorneys serve clients throughout the New Orleans, Louisiana area.","personal injury, maritime, admiralty, lawyers, attorneys, louisiana, new orleans, the young firm"
http://www.theyoungfirm.com/html/personal-injury.html,1,200,51,Learn more,82,8,24574,Personal Injury Attorneys – Louisiana Verdicts – Catastrophic Personal Injuries,"Our personal injury attorneys help Louisiana clients, through verdicts and settlements, obtain compensation for their injuries. At The Young Firm, we provide clients statewide with dedicated and informed legal representation following catastrophic accidents and injuries.","personal injury, attorneys, louisiana, verdicts, catastrophic, injuries, traumatic brain injury, spinal cord injury, burn, workplace accidents, premises liability, product liability, workers compensation, wrongful death, frequently asked questions, settlements, the young firm, new orleans"
http://www.theyoungfirm.com/video/,1,200,10,Launch Video Website,7,2,15517,The Young Firm Video Website,"When Mike had an offshore injury, The Young Firm got him compensation.",-
http://www.theyoungfirm.com/html/brain-injury.html,1,200,51,Traumatic Brain Injury,81,8,24465,"Traumatic Brain and Head Injury Attorneys – New Orleans, Louisiana – The Young Firm","At The Young Firm, our traumatic brain and head injury attorneys in New Orleans, Louisiana can help you obtain the maximum compensation to which you are legally entitled for expenses and losses related to your injury.","traumatic, brain injury, spinal cord, attorneys, new orleans, louisiana, the young firm, lawsuits, causes, consequences, cost, lawsuits, verdicts, settlements, slip and fall, auto, motor vehicle , accidents, violent encounters, wrongful death, premises, construction"
http://www.theyoungfirm.com/html/spinal-cord.html,1,200,51,Spinal Cord Injury,81,8,24526,"Spinal Cord, Neck, and Back Injury Lawyers in New Orleans, Louisiana","Our spinal cord, neck, and back injury lawyers in New Orleans, Louisiana have obtained significant verdicts and settlements on behalf of victims statewide. Using ample experience and legal expertise, we help our neck, back, and spinal cord injury clients get the compensation to which they are entitled.","spinal cord, neck, back, injury lawyers, new orleans, louisiana, the young firm, verdicts, settlements, paralysis, quadriplegia, auto accidents, slip and fall, catastrophic, personal injury"
http://www.theyoungfirm.com/html/burn-injury.html,1,200,51,Burn Injury,81,8,24918,"New Orleans, Louisiana Burn Injury Lawyer – The Young Firm","A New Orleans, Louisiana burn injury lawyer at The Young Firm is deeply committed to securing just compensation and seeking justice for victims who are suffering from injuries incurred due to burns, explosions, and electrocution.","new orleans, louisiana, burn injury, lawyer, attorneys, the young firm, burns, explosions, electrocution, auto accidents, workplace accidents, defective products, wrongful death, classifications, severity, causes, first, second, third"
http://www.theyoungfirm.com/html/workplace.html,1,200,51,Workplace Accidents,81,8,25962,Workplace and Personal Injury Lawyers – New Orleans – The Young Firm,"The workplace and personal injury lawyers of The Young Firm\'s New Orleans, Louisiana office handle claims involving slip and fall accidents, spinal cord injuries, fallen object accidents, lacerations, abrasions, burn injury, and broken bones. We can help you obtain compensation for your injuries.","workplace, personal, injury lawyers, new orleans, louisiana, the young firm, slip, fall, spinal cord, fallen objects, lacerations, abrasions, burn injury, broken bones, traumatic brain injury, spinal cord injury, burn, wrongful death, workers compensation, social security disability, product liability, premises liability"
http://www.theyoungfirm.com/html/premises-liability.html,1,200,51,Premises Liability,81,8,26480,"New Orleans, Louisiana Premises Liability / Slip and Fall Accident Lawyer","A New Orleans, Louisiana slip and fall accident and premises liability lawyer can help you recoup expenses if another party\'s negligence contributed in your injury. If you have suffered a serious personal injury as a result of dangerous property conditions, the property owner may be held legally responsible.","new orleans, louisiana, premises liability, slip and fall accident, lawyer, attorney, the young firm, verdicts, settlements, negligence, dangerous property, negligence, trip, property owner, personal injury, traumatic brain injury, spinal cord injury, wrongful death, lawsuit"
http://www.theyoungfirm.com/html/product-liability.html,1,200,51,Product Liability,81,8,26844,Defective Product Attorneys – Product Liability Lawyer – Louisiana,"If you need a product liability lawyer, the defective product attorneys at our Louisiana firm have helped countless personal injury victims statewide obtain fair compensation for their injuries. Consider The Young Firm. We help victims of dangerous or defective products maximize the return on their claims.","defective product attorneys, product liability lawyer, louisiana, new orleans, the young firm, personal injury, verdicts, settlements, dangerous products, wrongful death, traumatic brain injury, spinal cord injury, design, marketing, manufacturing, defects"
http://www.theyoungfirm.com/html/workers-comp.html,1,200,51,Workers' Compensation,81,8,26739,Louisiana Workers\' Compensation Claim – Lawyers – The Young Firm,"If you have a Louisiana workers\' compensation claim case, our workers\' compensation lawyers in Southern Louisiana can help you obtain the full benefits that you have wrongfully been denied.","louisiana, workers compensation, claim, lawyers, new orleans, the young firm, attorney, verdicts, settlements, accident, occupational disease, workplace injury, benefits"
http://www.theyoungfirm.com/html/wrongful-death.html,1,200,51,Wrongful Death,82,8,24974,"Wrongful Death Lawyer in New Orleans, Louisiana – The Young Firm","Each wrongful death lawyer at our New Orleans, Louisiana practice can help you obtain compensation for your family\'s loss. When a loved one is killed as a result of another\'s reckless, careless, or negligent behavior, a wrongful death lawyer can help beneficiaries get the compensation to which they are entitled.","wrongful death lawyer, new orleans, louisiana, the young firm, auto accident, medical malpractice, workplace accidents, defective products, verdicts, settlements, medical, rehabilitation costs, lawsuit, damages"
http://www.theyoungfirm.com/html/injury-faq.html,1,200,51,Personal Injury - FAQs,81,8,27329,"New Orleans, South Louisiana Personal Injury Lawyers – The Young Firm","The New Orleans, South Louisiana-area personal injury lawyers at The Young Firm can help you through the complex process of seeking compensation for your losses. Here are the answers to some frequently asked questions about personal injury litigation.","new orleans, south louisiana, personal injury lawyers, attorney, the young firm, frequently asked questions, litigation, traumatic, brain injury, spinal cord, burn injury, workplace accident, workers compensation, wrongful death, auto accident, medical malpractice, maritime, premises liability, defective products"
http://www.theyoungfirm.com/video/player/12743-c1-v1,2,301,7,Launch Video Website,1,0,138,http://www.theyoungfirm.com/video/player/12743-welcome-to-the-young-firm,-,-
http://www.theyoungfirm.com/html/index.html,2,404,48,Home,1,1,1262,404 Not Found Title,-,-
http://www.theyoungfirm.com/html/html/firm.html,2,404,48,About the Firm,1,1,1262,404 Not Found Title,-,-
http://www.theyoungfirm.com/html/html/lawyers.html,2,404,48,Our Lawyers,1,1,1262,404 Not Found Title,-,-
http://www.theyoungfirm.com/html/html/staff.html,2,404,48,Our Staff,1,1,1262,404 Not Found Title,-,-
http://www.theyoungfirm.com/html/html/results.html,2,404,48,Verdicts and Settlements,1,1,1262,404 Not Found Title,-,-
http://www.theyoungfirm.com/html/html/stories.html,2,404,48,Client Success Stories,1,1,1262,404 Not Found Title,-,-
http://www.theyoungfirm.com/html/html/publications.html,2,404,48,Publications,1,1,1262,404 Not Found Title,-,-
http://www.theyoungfirm.com/html/html/maritime.html,2,404,48,Maritime Claims,1,1,1262,404 Not Found Title,-,-
http://www.theyoungfirm.com/html/html/admiralty.html,2,404,48,Admiralty Claims,1,1,1262,404 Not Found Title,-,-
http://www.theyoungfirm.com/html/html/jones-act.html,2,404,48,Jones Act,1,1,1262,404 Not Found Title,-,-
http://www.theyoungfirm.com/html/html/jones-act-claims.html,2,404,48,Jones Act Claims,1,1,1262,404 Not Found Title,-,-
http://www.theyoungfirm.com/html/html/cruise-ship.html,2,404,48,Cruise Ship Accidents &amp; Claims,1,1,1262,404 Not Found Title,-,-
http://www.theyoungfirm.com/html/html/seamen.html,2,404,48,Seaman's Claims,1,1,1262,404 Not Found Title,-,-
http://www.theyoungfirm.com/html/html/oil-rig.html,2,404,48,Platform/Oil Rig Injuries,1,1,1262,404 Not Found Title,-,-
http://www.theyoungfirm.com/html/html/offshore-injury.html,2,404,48,Offshore/Nearshore Accidents,1,1,1262,404 Not Found Title,-,-
http://www.theyoungfirm.com/html/html/diving-accidents.html,2,404,48,Diving Accidents,1,1,1262,404 Not Found Title,-,-
http://www.theyoungfirm.com/html/html/dosha.html,2,404,48,Death on the High Seas Act,1,1,1262,404 Not Found Title,-,-
http://www.theyoungfirm.com/html/html/longshore.html,2,404,48,Longshore &amp; Harbor Workers' Act,1,1,1262,404 Not Found Title,-,-
http://www.theyoungfirm.com/html/html/recreational-boating.html,2,404,48,Passenger &amp; Recreational Boating,1,1,1262,404 Not Found Title,-,-
http://www.theyoungfirm.com/html/html/boating-faq.html,2,404,48,Maritime Claims - FAQs,1,1,1262,404 Not Found Title,-,-
http://www.theyoungfirm.com/html/html/personal-injury.html,2,404,48,Personal Injury,1,1,1262,404 Not Found Title,-,-
http://www.theyoungfirm.com/html/html/brain-injury.html,2,404,48,Traumatic Brain Injury,1,1,1262,404 Not Found Title,-,-
http://www.theyoungfirm.com/html/html/spinal-cord.html,2,404,48,Spinal Cord Injury,1,1,1262,404 Not Found Title,-,-
http://www.theyoungfirm.com/html/html/burn-injury.html,2,404,48,Burn Injury,1,1,1262,404 Not Found Title,-,-
http://www.theyoungfirm.com/html/html/workplace.html,2,404,48,Workplace Accidents,1,1,1262,404 Not Found Title,-,-
http://www.theyoungfirm.com/html/html/premises-liability.html,2,404,48,Premises Liability,1,1,1262,404 Not Found Title,-,-
http://www.theyoungfirm.com/html/html/product-liability.html,2,404,48,Product Liability,1,1,1262,404 Not Found Title,-,-
http://www.theyoungfirm.com/html/html/workers-comp.html,2,404,48,Workers' Compensation,1,1,1262,404 Not Found Title,-,-
http://www.theyoungfirm.com/html/html/wrongful-death.html,2,404,48,Wrongful Death,1,1,1262,404 Not Found Title,-,-
http://www.theyoungfirm.com/html/html/injury-faq.html,2,404,48,Personal Injury - FAQs,1,1,1262,404 Not Found Title,-,-
http://www.theyoungfirm.com/html/html/choice.html,2,404,48,Choice of Doctor,1,1,1262,404 Not Found Title,-,-
http://www.theyoungfirm.com/html/html/treatment.html,2,404,48,Right to Medical Treatment,1,1,1262,404 Not Found Title,-,-
http://www.theyoungfirm.com/html/html/maintenance.html,2,404,48,Maintenance and Cure,1,1,1262,404 Not Found Title,-,-
http://www.theyoungfirm.com/html/html/improper.html,2,404,48,Improper Medical Treatment,1,1,1262,404 Not Found Title,-,-
http://www.theyoungfirm.com/html/html/right.html,2,404,48,Your Right to Medical Expenses,1,1,1262,404 Not Found Title,-,-
http://www.theyoungfirm.com/html/html/contact.html,2,404,48,Contact,1,1,1262,404 Not Found Title,-,-
http://www.theyoungfirm.com/html/,2,403,48,Site Map,0,0,207,403 Forbidden,-,-
http://www.theyoungfirm.com/video/player/12761-c1-v7,2,301,1,Launch Video Website,1,0,150,http://www.theyoungfirm.com/video/player/12761-what-should-i-look-for-in-an-attorney,-,-
http://www.theyoungfirm.com/html/medical-malpractice.html,2,200,7,medical malpractice,85,8,25994,"Medical Malpractice Lawsuits – Attorneys in New Orleans, Louisiana",The medical malpractice attorneys in New Orleans file lawsuits for Louisiana residents who have suffered due to the negligence of a health care provider. We can help you achieve justice if you or a loved one has been harmed by medical malpractice.,"medical malpractice, attorneys, lawsuits, new orleans, louisiana, the young firm, negligence, lawyers, misdiagnosis, failure to diagnose, birth injury, surgical errors, medication errors, emergency room negligence, traumatic brain injury, spinal cord injury, wrongful death, cerebral palsy"
http://www.theyoungfirm.com/video/player/12746-c1-v2,2,301,1,Launch Video Website,1,0,138,http://www.theyoungfirm.com/video/player/12746-the-young-firm-philosophy,-,-
http://www.theyoungfirm.com/video/player/12821-c6-v2,2,301,1,Launch Video Website,1,0,120,http://www.theyoungfirm.com/video/player/12821-charles,-,-
http://www.theyoungfirm.com/video/player/12827-c6-v4,2,301,1,Launch Video Website,1,0,118,http://www.theyoungfirm.com/video/player/12827-david,-,-
http://www.theyoungfirm.com/html/employeesguide.html,2,200,1,"image file (alt text: """")",81,8,25282,"The Young Firm - New Orleans, Louisiana - The Employee’s Guide to Maritime Injury Law","If you have suffered a workplace injury offshore, you can learn more about your rights by reviewing our publication, The Employee\'s Guide to Maritime Injury Law.","young firm, maritime, admiralty lawyers, new orleans, lousiana, employees guide to maritime law"
http://www.theyoungfirm.com/html/6secrets.html,2,200,1,"image file (alt text: """")",81,8,24449,The Young Firm - FREE E-publication - Six Secrets Your Company May Not Tell You,"If you are seeking additional information regarding an offshore work injury, you should review our FREE e-publication, 6 Secrets Your Company May Not Tell You When You Get Injured Offshore.","young firm, maritime, admiralty lawyers, new orleans, lousiana, six secrets"
http://www.theyoungfirm.com/html/maintenanceandcure.html,2,200,1,"image file (alt text: """")",81,8,21820,"The Young Firm - Serving New Orleans, Louisiana - Publications",We invite you to review our publications if you are seeking more information on filing a personal injury claim for an offshore or maritime injury.,"young firm, personal injury, maritime, admiralty, lawyers, new orleans, lousiana, publications"
http://www.theyoungfirm.com/html/stcw.html,2,200,1,"image file (alt text: """")",81,8,22195,"The Young Firm - Serving New Orleans, Louisiana - Publications",We invite you to review our publications if you are seeking more information on filing a personal injury claim for an offshore or maritime injury.,"young firm, personal injury, maritime, admiralty, lawyers, new orleans, lousiana, publications"
http://www.theyoungfirm.com/html/medicalsecrets.html,2,200,1,"image file (alt text: """")",81,8,22111,"The Young Firm - Serving New Orleans, Louisiana - Publications",We invite you to review our publications if you are seeking more information on filing a personal injury claim for an offshore or maritime injury.,"young firm, personal injury, maritime, admiralty, lawyers, new orleans, lousiana, publications"
http://www.theyoungfirm.com/video/player/12767-c2-v2,2,301,5,Launch Video Website,1,0,133,http://www.theyoungfirm.com/video/player/12767-what-is-maritime-law,-,-
http://www.theyoungfirm.com/video/player/12764-c2-v1,2,301,1,Launch Video Website,1,0,134,http://www.theyoungfirm.com/video/player/12764-what-is-the-jones-act,-,-
http://www.theyoungfirm.com/video/player/12782-c2-v7,2,301,1,Launch Video Website,1,0,149,http://www.theyoungfirm.com/video/player/12782-filing-a-maritime-or-jones-act-claim,-,-
http://www.theyoungfirm.com/video/player/12773-c2-v4,2,301,1,Launch Video Website,1,0,129,http://www.theyoungfirm.com/video/player/12773-what-is-a-seaman,-,-
http://www.theyoungfirm.com/video/player/12824-c6-v3,2,301,1,Launch Video Website,1,0,122,http://www.theyoungfirm.com/video/player/12824-phillippi,-,-
http://www.theyoungfirm.com/video/player/12818-c6-v1,2,301,1,Launch Video Website,1,0,117,http://www.theyoungfirm.com/video/player/12818-mike,-,-